<?xml version="1.0" encoding="UTF-8"?>

<!DOCTYPE mapper
PUBLIC "-//mybatis.org//DTD Mapper 3.0//EN"
"http://mybatis.org/dtd/mybatis-3-mapper.dtd">

<mapper namespace="org.spring.projectjs.jdbc.IBoardNotice">

<!-- 댓글 등록 --> 
<insert id="notice_comment_insert">
	insert into boardcomment(comment_idx, comment_id, comment_content)
	values(SEQ_BOARD_COMMENT_NUM.nextval, #{param1}, #{param2} )
</insert>

<!-- 댓글 가져오기 -->
<select id="notice_comment_select" resultType="org.spring.projectjs.jdbc.CommentDTO">
	select * from boardcomment where comment_id = #{param1} order by comment_idx asc
</select>

<!-- 댓글 삭제 -->
<delete id="notice_comment_delete">	
	delete from boardcomment where comment_idx=#{param1}
</delete>

<!-- 댓글 전체 삭제 -->
<delete id="notice_comment_write_del">	
	delete from boardcomment where comment_id=#{param1}
</delete>


<!-- 방문자수 증가 -->
<update id="notice_board_visitcounter">
	update board set board_visitcount = board_visitcount + 1 where board_idx = #{param1}
</update>

<!-- 좋아요 증가 -->
<update id="notice_board_good_count">
	update board set board_good = board_good + 1 where board_idx = #{param1}
</update>

<!-- 싫어요 증가 -->
<update id="notice_board_worse_count">
	update board set board_worse = board_worse + 1 where board_idx = #{param1}
</update>




<!-- 게시물의 총 갯수 -->
<select id="notice_totalCount" parameterType="org.spring.projectjs.jdbc.ParameterDTO"
resultType="int">

	select count(*) from board where board_id = 2  
	<if test="searchKeyword != null and !searchKeyword.equals('')">
		 and ${searchField} like '%'||#{searchKeyword}||'%' 
	</if>
			
</select>

<!-- 목록 가져오기 -->
<select id="notice_listPage" parameterType="org.spring.projectjs.jdbc.ParameterDTO"
resultType="org.spring.projectjs.jdbc.BoardNoticeDTO">
select * from (
 	select Tb.*, rownum rNum from (
 		select * from board where board_id = 2 
 		<if test="searchKeyword != null and 
 		!searchKeyword.equals('')">
 		 and ${searchField} like '%'||#{searchKeyword}||'%'
 		
 		</if>
 		order by board_idx desc
 	) Tb
 )
 where rNum<![CDATA[>=]]>#{start}
 			and rNum<![CDATA[<=]]>#{end}
<!--  where rNum between #{start} and #{end} -->
</select>


<!-- 상세보기 -->
<select id="notice_view" parameterType="org.spring.projectjs.jdbc.BoardNoticeDTO"
resultType="org.spring.projectjs.jdbc.BoardNoticeDTO">
select * from board where board_idx=#{board_idx} and board_id = 2
</select>

	
</mapper>
