<?xml version="1.0" encoding="UTF-8"?>

<!DOCTYPE mapper
PUBLIC "-//mybatis.org//DTD Mapper 3.0//EN"
"http://mybatis.org/dtd/mybatis-3-mapper.dtd">

<mapper namespace="org.spring.projectjs.jdbc.IRegistService">

    <insert id="insert">
        INSERT INTO member
        (member_idx, user_id, password, email, domain, phone, nickname, member_auth, address, detailaddress, postcode)
        VALUES
        (seq_member_num.nextval, #{user_id}, #{password}, #{email}, #{domain}, #{phone}, #{nickname},
        'ROLE_USER', #{address}, #{detailaddress}, #{postcode})
    </insert>

	<select id="selectIdAndPassword" resultType="org.spring.projectjs.jdbc.MemberDTO">
		SELECT * FROM member WHERE user_id = #{userId} AND password = #{password}
	</select>
	
	<select id="checkDuplicateId" parameterType="string" resultType="int">
        SELECT COUNT(*) FROM member WHERE user_id = #{userId}
    </select>
	
	<select id="checkDuplicateNickname" parameterType="string" resultType="int">
        SELECT COUNT(*) FROM member WHERE nickname = #{nickname}
    </select>
    
</mapper>